{
  "project_info": {
    "project_number": "852360736923",
    "firebase_url": "https://welbing.firebaseio.com",
    "project_id": "welbing",
    "storage_bucket": "welbing.appspot.com"
  },
  "client": [
    {
      "client_info": {
        "mobilesdk_app_id": "1:852360736923:android:fc3df378aa9d60a6d7163e",
        "android_client_info": {
          "package_name": "com.example.myapplication"
        }
      },
      "oauth_client": [
        {
          "client_id": "852360736923-0kh4uu2unbsokdg003q7a2n4640rpn14.apps.googleusercontent.com",
          "client_type": 3
        }
      ],
      "api_key": [
        {
          "current_key": "AIzaSyDwNRiGQU_LD8ImrXWWzZzjBSQsbi6wosQ"
        }
      ],
      "services": {
        "appinvite_service": {
          "other_platform_oauth_client": [
            {
              "client_id": "852360736923-0kh4uu2unbsokdg003q7a2n4640rpn14.apps.googleusercontent.com",
              "client_type": 3
            }
          ]
        }
      }
    },
    {
      "client_info": {
        "mobilesdk_app_id": "1:852360736923:android:0342312582d1fc59d7163e",
        "android_client_info": {
          "package_name": "com.example.welbing"
        }
      },
      "oauth_client": [
        {
          "client_id": "852360736923-0kh4uu2unbsokdg003q7a2n4640rpn14.apps.googleusercontent.com",
          "client_type": 3
        }
      ],
      "api_key": [
        {
          "current_key": "AIzaSyDwNRiGQU_LD8ImrXWWzZzjBSQsbi6wosQ"
        }
      ],
      "services": {
        "appinvite_service": {
          "other_platform_oauth_client": [
            {
              "client_id": "852360736923-0kh4uu2unbsokdg003q7a2n4640rpn14.apps.googleusercontent.com",
              "client_type": 3
            }
          ]
        }
      }
    }
  ],
  "configuration_version": "1"
}